mean_fit_time,std_fit_time,mean_score_time,std_score_time,param_colsample_bytree,param_gamma,param_learning_rate,param_max_depth,param_min_child_weight,param_n_estimators,param_reg_lambda,param_subsample,params,split0_test_score,split1_test_score,split2_test_score,mean_test_score,std_test_score,rank_test_score
2.350937525431315,0.29409815513056675,0.16378863652547201,0.01783630430665476,0.7810890415965769,1.9014286128198323,0.08960785365368121,2,5,182,0.7792297153882993,0.684991220536301,"{'colsample_bytree': np.float64(0.7810890415965769), 'gamma': np.float64(1.9014286128198323), 'learning_rate': np.float64(0.08960785365368121), 'max_depth': 2, 'min_child_weight': 5, 'n_estimators': 182, 'reg_lambda': np.float64(0.7792297153882993), 'subsample': np.float64(0.684991220536301)}",0.31226765799256506,0.2869757174392936,0.29852378348824493,0.29925571964003456,0.010338354547840338,10
5.311395804087321,0.5514938379547746,0.41693846384684247,0.06986022571593697,0.8107371121880536,0.6674172222780437,0.015341718702799927,4,6,337,2.7796975515266835,0.9784934481555125,"{'colsample_bytree': np.float64(0.8107371121880536), 'gamma': np.float64(0.6674172222780437), 'learning_rate': np.float64(0.015341718702799927), 'max_depth': 4, 'min_child_weight': 6, 'n_estimators': 337, 'reg_lambda': np.float64(2.7796975515266835), 'subsample': np.float64(0.9784934481555125)}",0.28298708590679394,0.2771152754116979,0.2824730572887124,0.2808584728690681,0.002655146167815588,13
4.177326838175456,0.5199914410400769,0.2500046094258626,0.036128124876855176,0.6502725680443551,1.984423118582435,0.06358606736176979,3,6,332,0.7309539835912913,0.7519301990693147,"{'colsample_bytree': np.float64(0.6502725680443551), 'gamma': np.float64(1.984423118582435), 'learning_rate': np.float64(0.06358606736176979), 'max_depth': 3, 'min_child_weight': 6, 'n_estimators': 332, 'reg_lambda': np.float64(0.7309539835912913), 'subsample': np.float64(0.7519301990693147)}",0.3385093167701863,0.31752797016515716,0.33842909857670006,0.33148879517068114,0.009871848353298723,4
4.100396553675334,0.05486864936583376,0.24931653340657553,0.0071177827029131994,0.8641485131528328,0.27898772130408367,0.023993242906812727,5,7,269,0.15177941306507498,0.8664351032665806,"{'colsample_bytree': np.float64(0.8641485131528328), 'gamma': np.float64(0.27898772130408367), 'learning_rate': np.float64(0.023993242906812727), 'max_depth': 5, 'min_child_weight': 7, 'n_estimators': 269, 'reg_lambda': np.float64(0.15177941306507498), 'subsample': np.float64(0.8664351032665806)}",0.3153393907001603,0.3161325366648561,0.31027027027027027,0.3139140658784289,0.0025968192025187706,8
2.5850465297698975,0.24130523730443512,0.13931099573771158,0.0033565808372608827,0.7838616969435069,1.9664617716135764,0.040482984757722995,2,3,214,0.2193048555664369,0.6727680575448478,"{'colsample_bytree': np.float64(0.7838616969435069), 'gamma': np.float64(1.9664617716135764), 'learning_rate': np.float64(0.040482984757722995), 'max_depth': 2, 'min_child_weight': 3, 'n_estimators': 214, 'reg_lambda': np.float64(0.2193048555664369), 'subsample': np.float64(0.6727680575448478)}",0.2718006795016987,0.2630672027570362,0.27519818799546997,0.2700220234180683,0.0051096584237860145,15
1.7153226534525554,0.061150590581903926,0.12828930219014487,0.02621350171596374,0.9821099380386666,1.9312640661491187,0.11265466963346032,2,2,132,0.2895927274708839,0.7343589131091042,"{'colsample_bytree': np.float64(0.9821099380386666), 'gamma': np.float64(1.9312640661491187), 'learning_rate': np.float64(0.11265466963346032), 'max_depth': 2, 'min_child_weight': 2, 'n_estimators': 132, 'reg_lambda': np.float64(0.2895927274708839), 'subsample': np.float64(0.7343589131091042)}",0.30760986066452306,0.2898389783453637,0.3081967213114754,0.3018818534404541,0.00851896831671128,9
2.7052883307139077,0.3681311360136995,0.24357167879740396,0.063668938398751,0.8891422315889104,1.2199933155652418,0.1213421183393142,4,6,160,0.3292759134423616,0.8818827995238937,"{'colsample_bytree': np.float64(0.8891422315889104), 'gamma': np.float64(1.2199933155652418), 'learning_rate': np.float64(0.1213421183393142), 'max_depth': 4, 'min_child_weight': 6, 'n_estimators': 160, 'reg_lambda': np.float64(0.3292759134423616), 'subsample': np.float64(0.8818827995238937)}",0.3350357507660878,0.3522727272727273,0.35575942915392456,0.34768930239757995,0.009059931904461268,2
4.561914682388306,0.4155799257531129,0.22964771588643393,0.04884586717262364,0.7590988766312938,1.0401360423556216,0.05143828405076928,3,5,270,4.836927180682223,0.807413946679418,"{'colsample_bytree': np.float64(0.7590988766312938), 'gamma': np.float64(1.0401360423556216), 'learning_rate': np.float64(0.05143828405076928), 'max_depth': 3, 'min_child_weight': 5, 'n_estimators': 270, 'reg_lambda': np.float64(4.836927180682223), 'subsample': np.float64(0.807413946679418)}",0.3127659574468085,0.3150537634408602,0.32240730789897903,0.31674234292888265,0.004113180857594242,7
3.77773110071818,0.4796130706645404,0.16975736618041992,0.022023528629913202,0.7883025826006351,1.8533177315875884,0.08834921226320053,4,6,294,1.100698868558953,0.9864102085222721,"{'colsample_bytree': np.float64(0.7883025826006351), 'gamma': np.float64(1.8533177315875884), 'learning_rate': np.float64(0.08834921226320053), 'max_depth': 4, 'min_child_weight': 6, 'n_estimators': 294, 'reg_lambda': np.float64(1.100698868558953), 'subsample': np.float64(0.9864102085222721)}",0.3199577613516367,0.31216361679224974,0.3208955223880597,0.3176723001773154,0.003913995692216328,6
5.757538636525472,0.8621835827030436,-0.5989823341369629,1.306357894091657,0.945586847037353,1.4946402202747617,0.05036810975099665,5,2,296,0.3646439558980721,0.839943629105387,"{'colsample_bytree': np.float64(0.945586847037353), 'gamma': np.float64(1.4946402202747617), 'learning_rate': np.float64(0.05036810975099665), 'max_depth': 5, 'min_child_weight': 2, 'n_estimators': 296, 'reg_lambda': np.float64(0.3646439558980721), 'subsample': np.float64(0.839943629105387)}",0.33874239350912777,0.3418447107868682,0.3550538737814264,0.3452136593591408,0.00707240920904892,3
3.651389201482137,0.2455562391037261,0.20142928759256998,0.020762734331617096,0.699323478741167,1.6043939615080793,0.012502377950801122,4,1,208,0.24970737145052724,0.6519327409932608,"{'colsample_bytree': np.float64(0.699323478741167), 'gamma': np.float64(1.6043939615080793), 'learning_rate': np.float64(0.012502377950801122), 'max_depth': 4, 'min_child_weight': 1, 'n_estimators': 208, 'reg_lambda': np.float64(0.24970737145052724), 'subsample': np.float64(0.6519327409932608)}",0.2552204176334107,0.2508792497069168,0.2508751458576429,0.2523249377326568,0.002047414158094229,18
2.035136063893636,0.4302017338181602,0.275670846303304,0.08357106848601897,0.935411499959192,1.4137146876952342,0.08880965698768718,2,3,340,7.121996518301622,0.8778769589256805,"{'colsample_bytree': np.float64(0.935411499959192), 'gamma': np.float64(1.4137146876952342), 'learning_rate': np.float64(0.08880965698768718), 'max_depth': 2, 'min_child_weight': 3, 'n_estimators': 340, 'reg_lambda': np.float64(7.121996518301622), 'subsample': np.float64(0.8778769589256805)}",0.3251179863660199,0.31561996779388085,0.33191940615058324,0.3242191201034947,0.00668450412543393,5
-0.27852773666381836,0.36252041308131505,0.1681816577911377,0.06211514040774289,0.9702358864403233,1.7000771555795986,0.03843694025082197,2,7,141,0.447060854677849,0.9053621624183225,"{'colsample_bytree': np.float64(0.9702358864403233), 'gamma': np.float64(1.7000771555795986), 'learning_rate': np.float64(0.03843694025082197), 'max_depth': 2, 'min_child_weight': 7, 'n_estimators': 141, 'reg_lambda': np.float64(0.447060854677849), 'subsample': np.float64(0.9053621624183225)}",0.25378346915017463,0.2444183313748531,0.25435540069686413,0.2508524004072973,0.0045555614113753,19
2.053512970606486,1.2957583510946014,0.19442264238993326,0.032857064254027187,0.8731451149743246,1.774425485152653,0.041149615546913355,2,7,210,3.3233042062267937,0.8464470191493236,"{'colsample_bytree': np.float64(0.8731451149743246), 'gamma': np.float64(1.774425485152653), 'learning_rate': np.float64(0.041149615546913355), 'max_depth': 2, 'min_child_weight': 7, 'n_estimators': 210, 'reg_lambda': np.float64(3.3233042062267937), 'subsample': np.float64(0.8464470191493236)}",0.27164685908319186,0.25720876585928487,0.275626423690205,0.2681606828775606,0.007912757563864647,16
2.4730542500813804,0.32060269983885437,0.1512903372446696,0.015169267087940528,0.9198385129840964,0.9875911927287815,0.04787304927324382,4,2,121,0.7562632622090494,0.7206017208173887,"{'colsample_bytree': np.float64(0.9198385129840964), 'gamma': np.float64(0.9875911927287815), 'learning_rate': np.float64(0.04787304927324382), 'max_depth': 4, 'min_child_weight': 2, 'n_estimators': 121, 'reg_lambda': np.float64(0.7562632622090494), 'subsample': np.float64(0.7206017208173887)}",0.3022367703218767,0.28794642857142855,0.29113218070273283,0.29377179319867935,0.006125309920470311,11
4.96130649248759,0.5777121404249094,0.3492313226064046,0.049780849799396634,0.9635172584857318,0.9507404463642235,0.05405531655368526,5,6,310,0.6618595597183481,0.914442898490067,"{'colsample_bytree': np.float64(0.9635172584857318), 'gamma': np.float64(0.9507404463642235), 'learning_rate': np.float64(0.05405531655368526), 'max_depth': 5, 'min_child_weight': 6, 'n_estimators': 310, 'reg_lambda': np.float64(0.6618595597183481), 'subsample': np.float64(0.914442898490067)}",0.34997478567826523,0.3442959917780062,0.3596535914416709,0.35130812296598074,0.006340205469828154,1
2.269014596939087,0.4553841445969174,0.13528029123942056,0.009115432189481772,0.7300793579220679,0.15395981965758598,0.02382184154464129,3,4,145,1.7729973899342293,0.7534717900432,"{'colsample_bytree': np.float64(0.7300793579220679), 'gamma': np.float64(0.15395981965758598), 'learning_rate': np.float64(0.02382184154464129), 'max_depth': 3, 'min_child_weight': 4, 'n_estimators': 145, 'reg_lambda': np.float64(1.7729973899342293), 'subsample': np.float64(0.7534717900432)}",0.25667828106852497,0.24473067915690866,0.2486865148861646,0.2500318250371994,0.004969486386034437,20
3.7821334997812905,0.2774392330114399,0.19615896542867026,0.044852216743725803,0.6869229909405947,0.9130691409658205,0.019239667446712093,5,6,207,4.119839624605188,0.9636319549732226,"{'colsample_bytree': np.float64(0.6869229909405947), 'gamma': np.float64(0.9130691409658205), 'learning_rate': np.float64(0.019239667446712093), 'max_depth': 5, 'min_child_weight': 6, 'n_estimators': 207, 'reg_lambda': np.float64(4.119839624605188), 'subsample': np.float64(0.9636319549732226)}",0.2808607021517554,0.2675086107921929,0.27184466019417475,0.27340465771270767,0.005561461445333567,14
2.7586206595102944,0.3385910862902264,0.11393952369689941,0.015419829879639128,0.7613012162401523,0.22010384905535352,0.019794771074932348,3,1,195,0.5071514980544014,0.7566734403553101,"{'colsample_bytree': np.float64(0.7613012162401523), 'gamma': np.float64(0.22010384905535352), 'learning_rate': np.float64(0.019794771074932348), 'max_depth': 3, 'min_child_weight': 1, 'n_estimators': 195, 'reg_lambda': np.float64(0.5071514980544014), 'subsample': np.float64(0.7566734403553101)}",0.2611207394569613,0.2505827505827506,0.25955967555040554,0.2570877218633725,0.0046436493300976425,17
2.4263158639272056,0.22951499098760406,0.07705855369567871,0.008008451843609451,0.7076295486000296,1.068178838750884,0.042734471318432575,2,3,313,0.47340227734041923,0.9800183963693817,"{'colsample_bytree': np.float64(0.7076295486000296), 'gamma': np.float64(1.068178838750884), 'learning_rate': np.float64(0.042734471318432575), 'max_depth': 2, 'min_child_weight': 3, 'n_estimators': 313, 'reg_lambda': np.float64(0.47340227734041923), 'subsample': np.float64(0.9800183963693817)}",0.28524046434494194,0.27846674182638104,0.29637883008356547,0.28669534541829617,0.007384589161964004,12
